product_id,price,option,date_created,is_immediate_delivery_item
187443,52000,265,2025-02-15T16:13:07Z,false
187443,59000,255,2025-02-15T16:08:39Z,false
187443,58000,265,2025-02-15T14:43:56Z,true
187443,52000,265,2025-02-15T08:33:03Z,false
187443,73000,230,2025-02-15T07:32:21Z,false
187443,50000,265,2025-02-15T06:34:46Z,false
187443,60000,290,2025-02-15T02:45:01Z,false
187443,60000,280,2025-02-15T00:39:51Z,false
187443,67000,250,2025-02-14T11:24:33Z,false
187443,56000,270,2025-02-14T11:01:06Z,true
187443,51000,265,2025-02-14T10:06:52Z,true
187443,72000,230,2025-02-14T10:02:29Z,false
187443,51000,265,2025-02-14T09:31:03Z,false
187443,73000,280,2025-02-14T07:43:59Z,true
187443,50000,265,2025-02-14T06:27:17Z,true
187443,54000,270,2025-02-14T06:23:36Z,false
187443,50000,265,2025-02-14T06:21:10Z,true
187443,75000,240,2025-02-14T05:22:13Z,false
187443,72000,225,2025-02-14T03:52:24Z,false
187443,54000,270,2025-02-14T00:37:07Z,true
187443,67000,250,2025-02-13T18:53:46Z,false
187443,73000,230,2025-02-13T16:26:56Z,false
187443,61000,265,2025-02-13T16:23:25Z,true
187443,57000,260,2025-02-13T15:12:18Z,false
187443,54000,270,2025-02-13T14:02:06Z,false
187443,60000,270,2025-02-13T12:24:38Z,true
187443,70000,245,2025-02-13T11:39:01Z,false
187443,70000,245,2025-02-13T11:24:06Z,false
187443,69000,275,2025-02-13T10:59:01Z,true
187443,80000,290,2025-02-13T09:20:46Z,true
187443,56000,260,2025-02-13T02:02:11Z,false
187443,84000,230,2025-02-12T19:32:49Z,true
187443,56000,260,2025-02-12T14:51:51Z,false
187443,59000,275,2025-02-12T07:06:47Z,false
187443,60000,275,2025-02-12T05:21:23Z,true
187443,55000,265,2025-02-12T04:24:19Z,false
187443,68000,280,2025-02-12T02:53:39Z,false
187443,84000,235,2025-02-12T01:18:45Z,false
187443,55000,265,2025-02-12T00:25:16Z,false
187443,65000,280,2025-02-11T23:33:38Z,false
187443,77000,265,2025-02-11T15:54:04Z,true
187443,57000,275,2025-02-11T15:53:00Z,true
187443,80000,285,2025-02-11T13:34:01Z,true
187443,59000,285,2025-02-11T12:00:04Z,true
187443,75000,290,2025-02-11T11:41:29Z,false
187443,54000,265,2025-02-11T04:55:17Z,false
187443,58000,285,2025-02-11T03:09:51Z,true
187443,59000,270,2025-02-11T02:41:51Z,true
187443,55000,285,2025-02-11T01:28:17Z,false
187443,57000,275,2025-02-11T01:25:35Z,true
187443,55000,270,2025-02-10T18:33:09Z,false
187443,55000,270,2025-02-10T16:24:02Z,false
187443,53000,290,2025-02-10T15:49:33Z,false
187443,57000,275,2025-02-10T13:25:19Z,true
187443,55000,265,2025-02-10T12:42:41Z,false
187443,86000,240,2025-02-10T11:37:48Z,false
187443,53000,285,2025-02-10T11:27:34Z,false
187443,56000,275,2025-02-10T10:16:27Z,true
187443,56000,275,2025-02-10T09:45:38Z,true
187443,56000,275,2025-02-10T06:07:42Z,true
187443,55000,265,2025-02-10T03:20:28Z,false
187443,56000,275,2025-02-10T02:55:17Z,true
187443,55000,270,2025-02-10T02:46:46Z,false
187443,60000,255,2025-02-10T01:51:33Z,false
187443,55000,270,2025-02-09T19:20:50Z,false
187443,70000,235,2025-02-09T18:41:05Z,true
187443,59000,255,2025-02-09T14:29:24Z,false
187443,58000,255,2025-02-09T14:12:26Z,false
187443,57000,255,2025-02-09T13:28:16Z,false
187443,57000,255,2025-02-09T12:24:08Z,false
187443,55000,265,2025-02-09T11:55:43Z,false
187443,55000,265,2025-02-09T11:18:00Z,false
187443,75000,245,2025-02-09T08:32:52Z,false
187443,52000,285,2025-02-09T05:41:22Z,false
187443,70000,265,2025-02-09T03:42:49Z,true
187443,53000,290,2025-02-09T01:05:22Z,false
187443,63000,230,2025-02-08T13:40:50Z,false
187443,53000,265,2025-02-08T13:11:10Z,false
187443,54000,270,2025-02-08T12:37:01Z,false
187443,63000,230,2025-02-08T12:35:32Z,false
187443,55000,280,2025-02-08T08:27:22Z,false
187443,54000,270,2025-02-08T05:17:16Z,false
187443,52000,285,2025-02-08T04:00:19Z,false
187443,63000,230,2025-02-07T18:42:15Z,false
187443,58000,275,2025-02-07T15:49:04Z,true
187443,63000,230,2025-02-07T13:27:51Z,false
187443,57000,255,2025-02-07T11:51:47Z,false
187443,58000,285,2025-02-07T10:25:44Z,true
187443,73000,250,2025-02-07T08:18:33Z,false
187443,57000,275,2025-02-07T08:13:54Z,true
187443,56000,270,2025-02-07T02:08:18Z,false
187443,70000,265,2025-02-07T00:54:51Z,true
187443,55000,270,2025-02-07T00:41:19Z,false
187443,52000,265,2025-02-06T14:31:15Z,false
187443,62000,285,2025-02-06T12:51:52Z,true
187443,63000,250,2025-02-06T12:09:08Z,false
187443,52000,265,2025-02-06T10:01:23Z,false
187443,55000,270,2025-02-06T10:01:02Z,false
187443,56000,255,2025-02-06T09:36:39Z,false
187443,63000,250,2025-02-06T07:23:16Z,false
187443,55000,255,2025-02-06T06:27:44Z,false
187443,58000,275,2025-02-06T04:32:52Z,false
187443,52000,265,2025-02-05T17:21:41Z,false
187443,55000,270,2025-02-05T16:53:29Z,false
187443,52000,265,2025-02-05T14:00:42Z,false
187443,80000,280,2025-02-05T13:41:02Z,true
187443,52000,285,2025-02-05T12:13:31Z,false
187443,55000,270,2025-02-05T11:59:07Z,false
187443,63000,250,2025-02-05T11:45:02Z,false
187443,53000,290,2025-02-05T11:44:33Z,false
187443,62000,285,2025-02-05T10:56:44Z,true
187443,55000,270,2025-02-05T08:49:05Z,false
187443,63000,280,2025-02-05T08:44:52Z,false
187443,52000,265,2025-02-05T07:27:32Z,false
187443,63000,250,2025-02-05T07:14:21Z,false
187443,54000,270,2025-02-05T03:31:38Z,false
187443,63000,235,2025-02-04T20:02:10Z,false
187443,56000,260,2025-02-04T18:53:09Z,false
187443,53000,265,2025-02-04T15:52:03Z,false
187443,52000,265,2025-02-04T15:35:52Z,false
187443,55000,270,2025-02-04T14:45:16Z,false
187443,63000,250,2025-02-04T14:41:20Z,false
187443,55000,270,2025-02-04T14:29:51Z,false
187443,53000,290,2025-02-04T14:21:51Z,false
187443,55000,270,2025-02-04T13:20:56Z,false
187443,63000,230,2025-02-04T13:14:11Z,false
187443,74000,270,2025-02-04T12:33:15Z,true
187443,55000,255,2025-02-04T10:05:32Z,false
187443,52000,265,2025-02-04T06:36:36Z,false
187443,55000,285,2025-02-04T04:16:41Z,false
187443,56000,260,2025-02-03T17:58:38Z,false
187443,62000,280,2025-02-03T17:48:12Z,false
187443,74000,270,2025-02-03T15:33:18Z,true
187443,52000,265,2025-02-03T15:25:57Z,false
187443,55000,270,2025-02-03T12:43:22Z,false
187443,52000,265,2025-02-03T12:19:20Z,false
187443,52000,265,2025-02-03T11:03:20Z,false
187443,58000,275,2025-02-03T08:35:42Z,false
187443,53000,255,2025-02-03T07:46:55Z,true
187443,63000,275,2025-02-03T07:23:29Z,true
187443,55000,270,2025-02-03T06:36:31Z,false
187443,60000,280,2025-02-03T05:47:06Z,false
187443,55000,270,2025-02-03T03:08:49Z,false
187443,53000,285,2025-02-03T03:04:39Z,false
187443,53000,290,2025-02-03T01:21:32Z,false
187443,55000,260,2025-02-02T22:19:10Z,false
187443,55000,275,2025-02-02T14:57:35Z,false
187443,55000,275,2025-02-02T14:12:14Z,false
187443,63000,250,2025-02-02T13:47:03Z,false
187443,59000,280,2025-02-02T12:06:32Z,false
187443,63000,235,2025-02-02T10:31:29Z,false
187443,55000,255,2025-02-02T10:26:32Z,false
187443,52000,265,2025-02-02T07:42:28Z,false
187443,53000,260,2025-02-02T07:39:03Z,false
187443,54000,285,2025-02-02T05:50:57Z,false
187443,52000,265,2025-02-02T05:19:33Z,false
187443,52000,265,2025-02-02T05:13:08Z,false
187443,53000,275,2025-02-02T04:49:19Z,false
187443,65000,275,2025-02-02T04:30:47Z,true
187443,54000,285,2025-02-02T03:03:08Z,false
187443,63000,245,2025-02-02T02:47:41Z,false
187443,53000,275,2025-02-02T01:41:01Z,false
187443,52000,265,2025-02-02T01:07:30Z,false
187443,52000,260,2025-02-01T20:39:00Z,false
187443,75000,240,2025-02-01T16:25:03Z,false
187443,53000,290,2025-02-01T16:15:04Z,false
187443,63000,235,2025-02-01T15:58:00Z,false
187443,55000,255,2025-02-01T15:21:24Z,false
187443,54000,255,2025-02-01T14:33:12Z,false
187443,52000,260,2025-02-01T14:12:36Z,false
187443,52000,265,2025-02-01T11:50:17Z,false
187443,53000,275,2025-02-01T07:50:31Z,false
187443,62000,235,2025-02-01T06:44:15Z,false
187443,53000,290,2025-02-01T05:56:55Z,false
187443,54000,255,2025-02-01T05:26:13Z,false
187443,53000,290,2025-02-01T04:54:56Z,false
187443,52000,265,2025-02-01T04:23:17Z,false
187443,55000,270,2025-02-01T03:51:35Z,false
187443,63000,230,2025-02-01T02:24:12Z,false
187443,52000,265,2025-02-01T02:09:22Z,false
187443,62000,285,2025-02-01T00:41:52Z,true
187443,62000,285,2025-01-31T21:27:06Z,true
187443,52000,275,2025-01-31T18:01:32Z,true
187443,54000,255,2025-01-31T15:36:32Z,false
187443,53000,270,2025-01-31T11:06:20Z,false
187443,67000,275,2025-01-31T10:54:17Z,true
187443,70000,280,2025-01-31T10:30:22Z,true
187443,54000,255,2025-01-31T09:37:00Z,false
187443,54000,255,2025-01-31T09:30:45Z,false
187443,67000,275,2025-01-31T08:21:05Z,true
187443,64000,265,2025-01-31T06:38:47Z,true
187443,79000,250,2025-01-31T03:29:32Z,true
187443,53000,270,2025-01-31T02:39:50Z,false
187443,53000,275,2025-01-31T00:38:36Z,true
187443,54000,285,2025-01-30T17:08:59Z,false
187443,54000,275,2025-01-30T16:16:12Z,false
187443,52000,260,2025-01-30T15:48:00Z,false
187443,63000,245,2025-01-30T13:58:03Z,false
187443,54000,285,2025-01-30T13:49:10Z,false
187443,53000,270,2025-01-30T09:50:33Z,false
187443,63000,240,2025-01-30T09:18:53Z,false
187443,54000,275,2025-01-30T07:59:39Z,false
187443,52000,260,2025-01-30T07:44:20Z,false
187443,53000,275,2025-01-30T07:10:02Z,false
187443,53000,265,2025-01-30T06:24:11Z,false
187443,54000,255,2025-01-30T02:36:06Z,false
187443,52000,270,2025-01-30T02:21:39Z,false
187443,54000,265,2025-01-30T00:02:11Z,false
187443,53000,290,2025-01-29T17:19:31Z,false
187443,57000,280,2025-01-29T16:07:19Z,true
187443,54000,255,2025-01-29T15:17:50Z,false
187443,63000,245,2025-01-29T13:29:32Z,false
187443,72000,270,2025-01-29T13:11:20Z,true
187443,57000,280,2025-01-29T13:03:13Z,true
187443,52000,270,2025-01-29T12:13:22Z,false
187443,52000,270,2025-01-29T11:04:45Z,false
187443,51000,270,2025-01-29T09:32:42Z,false
187443,52000,260,2025-01-29T09:12:14Z,false
187443,52000,260,2025-01-29T08:15:49Z,false
187443,53000,265,2025-01-29T07:32:08Z,false
187443,53000,285,2025-01-29T00:25:39Z,false
187443,52000,265,2025-01-29T00:21:05Z,false
187443,62000,235,2025-01-28T05:24:00Z,false
187443,51000,270,2025-01-27T14:10:37Z,false
187443,51000,270,2025-01-27T03:59:20Z,false
187443,59000,280,2025-01-27T00:42:37Z,false
187443,63000,245,2025-01-27T00:17:47Z,false
187443,53000,275,2025-01-26T17:16:29Z,false
187443,52000,270,2025-01-26T15:23:39Z,false
187443,51000,260,2025-01-26T14:36:28Z,false
187443,63000,250,2025-01-26T14:11:55Z,false
187443,53000,275,2025-01-26T13:51:32Z,false
187443,52000,260,2025-01-26T10:42:55Z,false
187443,52000,265,2025-01-26T09:05:53Z,false
187443,62000,240,2025-01-26T09:02:22Z,false
187443,51000,270,2025-01-26T06:47:05Z,false
187443,55000,255,2025-01-26T03:36:40Z,false
187443,55000,255,2025-01-26T02:40:06Z,false
187443,51000,270,2025-01-25T14:36:06Z,false
187443,52000,265,2025-01-25T12:45:38Z,false
187443,54000,275,2025-01-25T11:40:00Z,false
187443,52000,260,2025-01-25T11:26:38Z,false
187443,51000,265,2025-01-25T11:26:03Z,false
187443,54000,255,2025-01-25T10:41:22Z,false
187443,48000,260,2025-01-25T07:13:11Z,false
187443,59000,280,2025-01-25T07:01:19Z,false
187443,69000,235,2025-01-25T05:57:11Z,true
187443,51000,265,2025-01-24T14:23:55Z,true
187443,52000,275,2025-01-24T12:51:31Z,false
187443,54000,255,2025-01-24T11:53:51Z,false
187443,50000,265,2025-01-24T10:29:51Z,true
187443,56000,270,2025-01-24T06:39:02Z,true
187443,51000,270,2025-01-23T15:21:20Z,false
187443,62000,235,2025-01-23T14:55:31Z,false
187443,51000,270,2025-01-23T09:56:07Z,false
187443,63000,250,2025-01-23T09:56:07Z,false
187443,54000,260,2025-01-23T03:45:06Z,true
187443,63000,240,2025-01-22T14:07:44Z,false
187443,49000,270,2025-01-22T14:04:29Z,false
187443,53000,290,2025-01-22T12:37:35Z,false
187443,50000,265,2025-01-22T06:34:12Z,false
187443,49000,270,2025-01-22T05:11:34Z,false
187443,55000,275,2025-01-22T02:46:48Z,true
187443,48000,270,2025-01-21T23:01:49Z,false
187443,48000,265,2025-01-21T17:45:53Z,true
187443,62000,250,2025-01-21T15:39:13Z,false
187443,49000,270,2025-01-21T14:06:49Z,false
187443,63000,240,2025-01-21T13:19:31Z,false
187443,51000,265,2025-01-21T12:30:57Z,true
187443,53000,285,2025-01-21T08:15:24Z,false
187443,57000,280,2025-01-21T07:59:59Z,true
187443,54000,280,2025-01-21T05:44:03Z,false
187443,53000,275,2025-01-21T04:28:29Z,false
187443,50000,265,2025-01-21T03:41:06Z,false
187443,63000,235,2025-01-21T02:46:15Z,false
187443,47000,265,2025-01-21T02:38:13Z,true
187443,46000,265,2025-01-20T20:09:54Z,true
187443,53000,280,2025-01-20T11:21:25Z,false
187443,53000,255,2025-01-20T09:06:56Z,false
187443,63000,240,2025-01-20T04:06:33Z,false
187443,52000,260,2025-01-20T02:22:59Z,false
187443,63000,245,2025-01-19T13:44:26Z,false
187443,48000,255,2025-01-19T13:19:45Z,true
187443,54000,275,2025-01-19T10:49:00Z,false
187443,53000,290,2025-01-19T10:13:50Z,false
187443,50000,260,2025-01-19T09:25:01Z,true
187443,54000,275,2025-01-19T04:49:10Z,false
187443,50000,260,2025-01-18T15:11:54Z,true
187443,54000,275,2025-01-18T14:10:56Z,false
187443,54000,285,2025-01-18T14:00:23Z,false
187443,47000,265,2025-01-18T11:30:35Z,false
187443,53000,290,2025-01-18T11:00:56Z,false
187443,77000,270,2025-01-18T10:11:25Z,true
187443,48000,270,2025-01-18T09:20:43Z,false
187443,52000,280,2025-01-18T04:21:18Z,true
187443,54000,275,2025-01-18T01:05:25Z,false
187443,57000,285,2025-01-18T00:25:11Z,true
187443,49000,270,2025-01-17T16:18:27Z,false
187443,56000,270,2025-01-17T11:28:36Z,true
187443,53000,285,2025-01-17T09:56:29Z,false
187443,48000,270,2025-01-17T07:07:22Z,false
187443,49000,265,2025-01-17T05:49:20Z,false
187443,51000,270,2025-01-17T05:42:51Z,true
187443,48000,270,2025-01-17T04:52:32Z,false
187443,54000,275,2025-01-16T15:26:03Z,false
187443,50000,270,2025-01-16T13:50:15Z,true
187443,51000,260,2025-01-16T12:05:31Z,false
187443,52000,255,2025-01-16T10:08:25Z,false
187443,53000,275,2025-01-16T08:19:01Z,false
187443,52000,290,2025-01-16T08:08:14Z,false
187443,46000,270,2025-01-16T06:56:59Z,false
187443,53000,285,2025-01-16T05:29:38Z,false
187443,49000,270,2025-01-15T16:20:15Z,false
187443,60000,275,2025-01-15T13:00:59Z,true
187443,49000,265,2025-01-15T10:21:55Z,false
187443,52000,285,2025-01-15T10:12:00Z,false
187443,50000,270,2025-01-15T09:57:04Z,true
187443,48000,270,2025-01-15T09:36:26Z,true
187443,53000,280,2025-01-15T08:01:43Z,false
187443,58000,265,2025-01-15T07:35:46Z,true
187443,47000,270,2025-01-15T04:21:47Z,true
187443,50000,265,2025-01-14T22:52:15Z,false
187443,49000,275,2025-01-14T22:06:21Z,true
187443,56000,290,2025-01-14T15:49:37Z,true
187443,60000,275,2025-01-14T15:45:12Z,true
187443,55000,290,2025-01-14T15:21:44Z,true
187443,49000,265,2025-01-14T15:19:10Z,false
187443,62000,230,2025-01-14T14:14:14Z,false
187443,48000,265,2025-01-14T13:31:46Z,false
187443,48000,270,2025-01-14T10:30:31Z,false
187443,62000,285,2025-01-14T10:19:41Z,true
187443,48000,265,2025-01-14T10:05:31Z,false
187443,47000,265,2025-01-14T05:52:03Z,false
187443,51000,260,2025-01-14T04:07:44Z,false
187443,50000,270,2025-01-14T01:53:34Z,true
187443,48000,275,2025-01-14T00:25:26Z,false
187443,55000,265,2025-01-13T15:18:07Z,true
187443,63000,245,2025-01-13T11:37:36Z,false
187443,53000,265,2025-01-13T10:22:17Z,true
187443,52000,255,2025-01-13T04:14:44Z,false
187443,63000,235,2025-01-13T00:22:25Z,false
187443,53000,275,2025-01-12T15:04:11Z,false
187443,48000,255,2025-01-12T14:59:42Z,true
187443,47000,270,2025-01-12T11:41:20Z,false
187443,53000,285,2025-01-12T10:23:49Z,false
187443,49000,265,2025-01-12T10:08:43Z,false
187443,49000,265,2025-01-11T17:01:43Z,false
187443,51000,255,2025-01-11T14:26:35Z,false
187443,53000,285,2025-01-11T13:07:21Z,false
187443,57000,230,2025-01-11T11:01:52Z,false
187443,49000,265,2025-01-11T10:26:57Z,false
187443,53000,265,2025-01-11T08:21:45Z,true
187443,49000,265,2025-01-11T08:20:26Z,false
187443,56000,230,2025-01-11T07:48:04Z,false
187443,53000,265,2025-01-11T07:29:10Z,true
187443,48000,255,2025-01-11T06:44:47Z,true
187443,53000,275,2025-01-11T06:26:35Z,false
187443,48000,255,2025-01-11T05:15:51Z,true
187443,51000,260,2025-01-11T05:03:57Z,true
187443,47000,270,2025-01-10T22:10:59Z,false
187443,63000,240,2025-01-10T13:52:29Z,false
187443,49000,265,2025-01-10T10:16:37Z,false
187443,62000,250,2025-01-10T09:18:08Z,false
187443,62000,235,2025-01-10T08:09:24Z,false
187443,63000,245,2025-01-10T07:36:19Z,false
187443,44000,270,2025-01-10T06:05:37Z,false
187443,44000,270,2025-01-10T06:05:22Z,false
187443,44000,265,2025-01-10T06:04:38Z,false
187443,48000,270,2025-01-10T01:39:42Z,false
187443,58000,270,2025-01-09T23:04:41Z,true
187443,53000,265,2025-01-09T14:49:14Z,true
187443,56000,255,2025-01-09T12:19:17Z,true
187443,56000,230,2025-01-09T11:03:46Z,false
187443,53000,265,2025-01-09T10:29:44Z,true
187443,50000,265,2025-01-09T10:01:37Z,true
187443,57000,270,2025-01-09T08:33:49Z,true
187443,53000,275,2025-01-09T08:04:04Z,false
187443,55000,280,2025-01-09T07:30:03Z,false
187443,58000,235,2025-01-09T07:18:29Z,false
187443,53000,285,2025-01-09T06:27:56Z,false
187443,55000,280,2025-01-09T04:52:07Z,false
187443,52000,290,2025-01-09T03:38:06Z,false
187443,52000,265,2025-01-09T00:51:59Z,true
187443,48000,270,2025-01-08T21:37:40Z,false
187443,49000,265,2025-01-08T20:37:38Z,false
187443,53000,285,2025-01-08T15:02:47Z,false
187443,45000,270,2025-01-08T09:26:08Z,false
187443,50000,275,2025-01-08T09:25:03Z,false
187443,46000,270,2025-01-08T09:24:13Z,false
187443,55000,280,2025-01-08T09:20:16Z,false
187443,65000,240,2025-01-08T04:13:05Z,false
187443,60000,260,2025-01-08T04:13:05Z,true
187443,62000,250,2025-01-08T03:47:12Z,false
187443,63000,280,2025-01-07T18:27:06Z,true
187443,57000,235,2025-01-07T17:56:26Z,false
187443,49000,270,2025-01-07T15:45:09Z,false
187443,52000,290,2025-01-07T13:33:02Z,false
187443,65000,245,2025-01-07T11:42:59Z,false
187443,57000,275,2025-01-07T07:17:51Z,true
187443,65000,245,2025-01-07T01:08:50Z,false
187443,50000,270,2025-01-06T20:36:23Z,false
187443,56000,230,2025-01-06T19:22:25Z,false
187443,53000,285,2025-01-06T18:03:47Z,false
187443,49000,265,2025-01-06T16:10:29Z,false
187443,50000,270,2025-01-06T12:38:28Z,false
187443,57000,235,2025-01-06T10:48:12Z,false
187443,57000,230,2025-01-06T05:54:02Z,false
187443,50000,270,2025-01-06T03:00:24Z,false
187443,54000,275,2025-01-06T02:06:40Z,false
187443,52000,255,2025-01-05T22:43:16Z,false
187443,55000,280,2025-01-05T14:26:16Z,false
187443,48000,265,2025-01-05T13:31:01Z,false
187443,49000,270,2025-01-05T13:16:02Z,true
187443,50000,260,2025-01-05T11:34:51Z,false
187443,53000,285,2025-01-05T11:27:47Z,false
187443,48000,265,2025-01-05T10:54:56Z,false
187443,54000,275,2025-01-05T08:52:28Z,false
187443,51000,285,2025-01-05T08:50:48Z,true
187443,57000,230,2025-01-05T08:25:04Z,false
187443,50000,260,2025-01-05T05:15:41Z,false
187443,53000,275,2025-01-05T03:56:59Z,false
187443,52000,285,2025-01-05T03:51:41Z,false
187443,57000,235,2025-01-05T03:50:55Z,false
187443,53000,285,2025-01-05T03:49:48Z,true
187443,57000,235,2025-01-05T01:51:03Z,false
187443,53000,275,2025-01-05T00:56:38Z,false
187443,53000,280,2025-01-04T13:42:38Z,false
187443,53000,280,2025-01-04T13:18:24Z,false
187443,57000,235,2025-01-04T11:17:57Z,false
187443,50000,260,2025-01-04T11:17:57Z,false
187443,52000,275,2025-01-04T10:34:23Z,false
187443,65000,240,2025-01-04T10:34:23Z,false
187443,53000,285,2025-01-04T06:33:06Z,true
187443,44000,280,2025-01-04T06:04:23Z,false
187443,50000,275,2025-01-04T04:58:21Z,false
187443,68000,275,2025-01-04T03:37:20Z,true
187443,57000,235,2025-01-03T14:20:40Z,false
187443,50000,260,2025-01-03T13:55:50Z,false
187443,58000,270,2025-01-03T13:28:31Z,true
187443,51000,290,2025-01-03T11:57:47Z,false
187443,65000,240,2025-01-03T10:50:34Z,false
187443,49000,290,2025-01-03T09:55:46Z,true
187443,51000,260,2025-01-03T08:02:42Z,true
187443,49000,270,2025-01-03T07:12:28Z,false
187443,49000,275,2025-01-03T06:19:56Z,false
187443,48000,275,2025-01-03T03:05:45Z,false
187443,49000,270,2025-01-03T01:12:06Z,false
187443,58000,260,2025-01-03T01:05:10Z,true
187443,45000,265,2025-01-02T12:24:07Z,false
187443,46000,265,2025-01-02T12:23:27Z,false
187443,48000,265,2025-01-02T12:23:03Z,false
187443,49000,265,2025-01-02T10:33:46Z,false
187443,65000,240,2025-01-02T06:14:50Z,false
187443,55000,270,2025-01-02T06:14:50Z,true
187443,51000,255,2025-01-02T05:31:39Z,false
187443,55000,270,2025-01-02T01:19:51Z,true
187443,49000,260,2025-01-01T22:42:39Z,false
187443,49000,265,2025-01-01T20:11:33Z,false
187443,53000,265,2025-01-01T14:48:50Z,true
187443,56000,235,2025-01-01T14:20:36Z,false
187443,53000,270,2025-01-01T13:35:37Z,true
187443,49000,270,2025-01-01T09:55:29Z,false
187443,49000,265,2025-01-01T07:53:53Z,false
187443,48000,270,2025-01-01T05:58:19Z,false
187443,47000,270,2025-01-01T04:55:06Z,false
187443,52000,280,2024-12-31T14:25:27Z,false
187443,52000,265,2024-12-31T12:41:59Z,true
187443,49000,265,2024-12-31T05:19:26Z,false
187443,57000,235,2024-12-31T03:42:16Z,false
187443,49000,265,2024-12-30T15:14:05Z,false
187443,51000,265,2024-12-30T14:55:56Z,true
187443,57000,235,2024-12-30T14:53:06Z,false
187443,52000,275,2024-12-30T14:39:24Z,false
187443,64000,240,2024-12-30T09:03:39Z,false
187443,61000,250,2024-12-30T04:57:05Z,false
187443,53000,255,2024-12-30T04:48:17Z,false
187443,50000,255,2024-12-30T03:48:01Z,false
187443,47000,270,2024-12-29T12:31:48Z,false
187443,53000,270,2024-12-29T10:48:16Z,true
187443,49000,255,2024-12-29T09:34:52Z,false
187443,53000,275,2024-12-29T09:28:57Z,false
187443,55000,250,2024-12-29T08:36:12Z,false
187443,53000,285,2024-12-29T06:23:55Z,false
187443,57000,275,2024-12-29T03:43:02Z,true
187443,47000,270,2024-12-28T12:14:59Z,false
187443,54000,250,2024-12-28T12:07:50Z,false
187443,53000,285,2024-12-28T11:15:56Z,true
187443,64000,235,2024-12-28T07:10:04Z,false
187443,47000,270,2024-12-28T07:05:44Z,false
187443,57000,260,2024-12-28T06:57:29Z,true
187443,54000,280,2024-12-28T05:10:37Z,false
187443,47000,270,2024-12-28T04:00:31Z,false
187443,48000,265,2024-12-27T23:37:06Z,false
187443,55000,230,2024-12-27T15:23:52Z,false
187443,48000,265,2024-12-27T15:15:42Z,false
187443,50000,290,2024-12-27T12:36:29Z,false
187443,58000,275,2024-12-27T12:32:15Z,true
187443,65000,245,2024-12-27T11:48:16Z,false
187443,54000,260,2024-12-27T05:35:51Z,true
187443,65000,235,2024-12-26T23:59:49Z,false
187443,53000,275,2024-12-26T15:38:25Z,false
187443,53000,285,2024-12-26T14:28:00Z,true
187443,52000,275,2024-12-26T13:01:36Z,false
187443,52000,265,2024-12-26T12:39:11Z,true
187443,53000,280,2024-12-26T11:00:09Z,false
187443,52000,285,2024-12-26T04:44:55Z,false
187443,54000,250,2024-12-26T02:09:31Z,false
187443,52000,275,2024-12-26T01:47:21Z,false
187443,55000,255,2024-12-25T18:55:18Z,true
187443,49000,260,2024-12-25T09:24:16Z,false
187443,53000,290,2024-12-25T03:07:57Z,true
187443,57000,280,2024-12-25T02:19:33Z,true
187443,51000,275,2024-12-24T15:32:59Z,false
187443,54000,250,2024-12-24T13:01:26Z,false
187443,49000,260,2024-12-24T05:50:41Z,false
187443,54000,280,2024-12-24T03:51:43Z,false
187443,53000,280,2024-12-23T13:43:45Z,false
187443,51000,285,2024-12-23T12:24:20Z,false
187443,52000,275,2024-12-23T09:39:41Z,false
187443,54000,250,2024-12-23T08:56:25Z,false
187443,53000,285,2024-12-23T03:01:23Z,true
187443,49000,265,2024-12-23T00:44:34Z,false
187443,65000,240,2024-12-22T16:01:06Z,false
187443,53000,280,2024-12-22T15:25:37Z,false
187443,49000,265,2024-12-22T14:39:06Z,false
187443,54000,275,2024-12-22T14:15:53Z,false
187443,52000,255,2024-12-22T12:09:32Z,true
187443,54000,250,2024-12-22T09:19:03Z,false
187443,54000,275,2024-12-22T09:07:50Z,false
187443,53000,260,2024-12-22T08:52:22Z,true
187443,50000,270,2024-12-22T07:39:52Z,false
187443,50000,255,2024-12-22T06:34:47Z,false
187443,53000,270,2024-12-22T03:38:22Z,true
187443,49000,270,2024-12-22T03:19:13Z,false
187443,50000,285,2024-12-21T13:55:09Z,false
187443,52000,265,2024-12-21T13:24:30Z,true
187443,75000,240,2024-12-21T13:24:30Z,true
187443,48000,285,2024-12-21T11:30:32Z,true
187443,50000,255,2024-12-21T06:39:48Z,false
187443,54000,250,2024-12-21T03:32:42Z,false
187443,49000,285,2024-12-21T00:08:25Z,false
187443,49000,260,2024-12-20T16:27:36Z,false
187443,50000,270,2024-12-20T15:19:48Z,true
187443,53000,285,2024-12-20T14:07:29Z,true
187443,53000,285,2024-12-20T12:42:41Z,true
187443,49000,260,2024-12-20T11:31:04Z,false
187443,69000,235,2024-12-20T04:09:20Z,true
187443,56000,275,2024-12-19T23:34:39Z,false
187443,52000,265,2024-12-19T23:13:37Z,true
187443,50000,270,2024-12-19T14:43:07Z,false
187443,57000,275,2024-12-19T09:05:20Z,false
187443,49000,255,2024-12-18T22:53:48Z,false
187443,48000,260,2024-12-18T10:55:40Z,false
187443,49000,285,2024-12-18T09:51:03Z,false
187443,52000,265,2024-12-18T09:18:15Z,true
187443,55000,280,2024-12-18T04:56:49Z,false
187443,49000,265,2024-12-17T15:54:32Z,false
187443,57000,275,2024-12-17T15:38:33Z,false
187443,59000,280,2024-12-17T14:07:02Z,true
187443,53000,250,2024-12-17T13:57:21Z,false
187443,56000,275,2024-12-17T13:55:22Z,false
187443,53000,250,2024-12-17T11:20:51Z,false
187443,53000,270,2024-12-17T11:18:00Z,true
187443,46000,260,2024-12-17T10:22:59Z,true
187443,53000,270,2024-12-17T10:20:03Z,true
187443,59000,300,2024-12-17T10:18:19Z,false
187443,48000,260,2024-12-17T10:02:47Z,false
187443,50000,270,2024-12-17T09:32:20Z,false
187443,50000,270,2024-12-17T09:06:22Z,true
187443,61000,245,2024-12-17T05:58:30Z,false
187443,50000,255,2024-12-17T02:23:13Z,true
187443,65000,240,2024-12-16T23:49:12Z,false
187443,56000,280,2024-12-16T16:38:48Z,true
187443,49000,255,2024-12-16T12:00:38Z,false
187443,48000,265,2024-12-16T11:55:25Z,false
187443,53000,270,2024-12-16T09:18:18Z,true
187443,57000,275,2024-12-16T01:04:43Z,false
187443,49000,290,2024-12-15T14:15:32Z,false
187443,54000,280,2024-12-15T09:49:07Z,true
187443,51000,265,2024-12-15T07:58:30Z,true
187443,54000,280,2024-12-15T04:14:02Z,true
187443,54000,280,2024-12-15T04:11:44Z,true
187443,50000,255,2024-12-15T03:14:25Z,true
187443,52000,280,2024-12-14T23:35:56Z,false
187443,51000,280,2024-12-14T20:48:10Z,false
187443,52000,250,2024-12-14T15:06:19Z,false
187443,57000,220,2024-12-14T13:15:33Z,false
187443,49000,255,2024-12-14T12:24:07Z,false
187443,57000,275,2024-12-14T12:05:12Z,false
187443,58000,275,2024-12-14T06:01:56Z,false
187443,53000,270,2024-12-14T04:56:16Z,true
187443,52000,250,2024-12-14T04:05:12Z,false
187443,53000,270,2024-12-14T03:42:31Z,true
187443,58000,275,2024-12-14T02:57:13Z,false
187443,50000,270,2024-12-14T02:22:32Z,false
187443,54000,280,2024-12-14T00:02:28Z,true
187443,57000,275,2024-12-13T16:46:15Z,false
187443,62000,300,2024-12-13T16:03:51Z,true
187443,51000,280,2024-12-13T14:33:28Z,false
187443,51000,275,2024-12-13T13:29:54Z,false
187443,60000,245,2024-12-13T11:21:50Z,false
187443,51000,275,2024-12-13T09:34:40Z,false
187443,47000,260,2024-12-13T09:01:44Z,false
187443,47000,275,2024-12-13T07:23:02Z,false
187443,49000,285,2024-12-13T05:19:57Z,false
187443,51000,265,2024-12-13T03:33:43Z,true
187443,57000,230,2024-12-13T01:21:03Z,false
187443,50000,275,2024-12-12T23:58:17Z,false
187443,57000,230,2024-12-12T09:06:22Z,false
187443,51000,275,2024-12-12T08:54:04Z,false
187443,53000,280,2024-12-12T08:46:38Z,true
187443,51000,280,2024-12-12T07:29:54Z,false
187443,49000,270,2024-12-12T07:11:12Z,false
187443,51000,280,2024-12-12T06:32:47Z,false
187443,55000,280,2024-12-12T06:21:56Z,true
187443,47000,260,2024-12-12T03:41:14Z,true
187443,57000,230,2024-12-12T00:09:49Z,false
187443,57000,235,2024-12-11T13:34:16Z,false
187443,52000,280,2024-12-11T12:10:27Z,true
187443,52000,265,2024-12-11T12:00:05Z,true
187443,51000,280,2024-12-11T11:06:43Z,false
187443,47000,265,2024-12-11T10:40:36Z,true
187443,57000,220,2024-12-11T07:14:22Z,false
187443,49000,265,2024-12-11T07:14:22Z,false
187443,50000,290,2024-12-11T06:41:40Z,true
187443,52000,255,2024-12-11T03:23:21Z,true
187443,48000,255,2024-12-11T03:23:10Z,false
187443,56000,235,2024-12-11T03:05:25Z,false
187443,48000,265,2024-12-11T01:18:05Z,false
187443,50000,265,2024-12-11T00:49:24Z,true
187443,48000,260,2024-12-10T17:26:38Z,false
187443,56000,260,2024-12-10T16:00:30Z,true
187443,49000,285,2024-12-10T14:58:40Z,false
187443,53000,275,2024-12-10T14:13:46Z,false
187443,64000,240,2024-12-10T13:53:49Z,false
187443,57000,245,2024-12-10T12:19:21Z,false
187443,51000,270,2024-12-10T11:29:51Z,true
187443,47000,255,2024-12-10T10:41:10Z,false
187443,48000,260,2024-12-10T10:23:22Z,false
187443,52000,275,2024-12-10T10:10:02Z,false
187443,49000,285,2024-12-10T09:40:31Z,false
187443,49000,270,2024-12-10T09:39:57Z,false
187443,47000,255,2024-12-10T08:31:53Z,false
187443,57000,230,2024-12-10T08:21:56Z,false
187443,48000,265,2024-12-10T08:00:39Z,false
187443,55000,250,2024-12-10T07:46:37Z,false
187443,53000,280,2024-12-10T04:07:54Z,true
187443,52000,280,2024-12-09T16:36:36Z,false
187443,57000,245,2024-12-09T16:36:36Z,false
187443,49000,270,2024-12-09T14:31:12Z,false
187443,53000,280,2024-12-09T10:30:14Z,true
187443,57000,245,2024-12-09T08:44:39Z,false
187443,51000,255,2024-12-09T08:26:19Z,true
187443,55000,250,2024-12-09T08:23:15Z,false
187443,55000,280,2024-12-09T07:55:44Z,true
187443,53000,290,2024-12-09T07:11:14Z,false
187443,54000,250,2024-12-09T06:08:19Z,false
187443,55000,280,2024-12-09T02:30:05Z,true
187443,58000,300,2024-12-08T22:51:22Z,false
187443,48000,260,2024-12-08T21:37:30Z,false
187443,51000,280,2024-12-08T19:32:46Z,false
187443,56000,245,2024-12-08T17:41:14Z,false
187443,47000,265,2024-12-08T17:34:34Z,false
187443,52000,275,2024-12-08T15:46:41Z,false
187443,56000,240,2024-12-08T12:56:04Z,false
187443,48000,260,2024-12-08T12:40:59Z,false
187443,47000,265,2024-12-08T12:39:34Z,false
187443,54000,270,2024-12-08T11:57:45Z,true
187443,50000,265,2024-12-08T11:48:48Z,true
187443,53000,275,2024-12-08T07:49:42Z,false
187443,57000,230,2024-12-08T07:31:13Z,false
187443,49000,270,2024-12-08T06:33:15Z,false
187443,53000,280,2024-12-08T04:27:12Z,true
187443,56000,235,2024-12-07T23:52:13Z,false
187443,53000,275,2024-12-07T20:25:51Z,false
187443,49000,270,2024-12-07T14:40:54Z,false
187443,56000,245,2024-12-07T14:11:13Z,false
187443,51000,255,2024-12-07T13:48:45Z,true
187443,57000,220,2024-12-07T12:14:05Z,false
187443,49000,260,2024-12-07T12:14:04Z,false
187443,49000,260,2024-12-07T09:42:09Z,false
187443,48000,260,2024-12-07T08:21:40Z,false
187443,47000,260,2024-12-07T08:04:23Z,false
187443,56000,230,2024-12-07T07:28:22Z,false
187443,54000,280,2024-12-07T06:32:39Z,true
187443,50000,290,2024-12-07T01:21:35Z,true
187443,54000,265,2024-12-06T23:13:34Z,true
187443,51000,255,2024-12-06T21:54:58Z,true
187443,54000,275,2024-12-06T12:29:17Z,false
187443,50000,260,2024-12-06T11:33:56Z,true
187443,53000,265,2024-12-06T09:34:27Z,true
187443,49000,270,2024-12-06T08:44:08Z,false
187443,52000,275,2024-12-06T06:30:46Z,false
187443,51000,275,2024-12-06T05:22:12Z,false
187443,57000,245,2024-12-06T05:08:18Z,false
187443,48000,265,2024-12-06T04:51:26Z,true
187443,52000,280,2024-12-06T00:36:02Z,false
187443,50000,270,2024-12-06T00:08:26Z,false
187443,50000,265,2024-12-05T18:02:30Z,false
187443,50000,255,2024-12-05T15:16:34Z,false
187443,47000,265,2024-12-05T15:14:05Z,true
187443,49000,265,2024-12-05T14:10:55Z,false
187443,57000,245,2024-12-05T13:55:53Z,false
187443,50000,270,2024-12-05T10:25:22Z,false
187443,52000,280,2024-12-05T09:18:55Z,false
187443,53000,250,2024-12-05T08:52:43Z,false
187443,47000,265,2024-12-05T04:23:09Z,true
187443,49000,270,2024-12-05T03:33:05Z,false
187443,49000,260,2024-12-05T03:08:53Z,false
187443,53000,275,2024-12-05T02:44:12Z,false
187443,76000,240,2024-12-05T01:08:18Z,true
187443,55000,260,2024-12-05T01:08:17Z,true
187443,57000,245,2024-12-05T00:45:03Z,false
187443,57000,230,2024-12-05T00:40:55Z,false
187443,57000,235,2024-12-04T23:49:33Z,false
187443,48000,265,2024-12-04T23:49:13Z,false
187443,48000,265,2024-12-04T22:46:51Z,false
187443,53000,250,2024-12-04T17:46:19Z,false
187443,57000,245,2024-12-04T15:33:52Z,false
187443,52000,250,2024-12-04T14:48:56Z,false
187443,55000,270,2024-12-04T14:30:06Z,true
187443,50000,285,2024-12-04T12:42:41Z,false
187443,48000,265,2024-12-04T12:33:06Z,true
187443,47000,265,2024-12-04T09:55:40Z,false
187443,52000,255,2024-12-04T08:06:14Z,true
187443,52000,275,2024-12-04T06:58:24Z,false
187443,46000,260,2024-12-04T05:22:47Z,true
187443,50000,270,2024-12-04T05:13:57Z,false
187443,54000,255,2024-12-04T05:09:58Z,true
187443,75000,240,2024-12-04T03:08:57Z,true
187443,52000,270,2024-12-04T00:39:00Z,true
187443,52000,265,2024-12-03T16:53:11Z,true
187443,53000,290,2024-12-03T13:54:03Z,false
187443,72000,290,2024-12-03T13:49:47Z,true
187443,49000,255,2024-12-03T13:35:33Z,false
187443,53000,250,2024-12-03T13:31:52Z,false
187443,68000,240,2024-12-03T13:23:04Z,true
187443,41000,280,2024-12-03T09:17:32Z,false
187443,51000,270,2024-12-03T08:11:45Z,false
187443,47000,270,2024-12-03T08:05:38Z,false
187443,53000,280,2024-12-03T07:58:08Z,false
187443,46000,270,2024-12-03T07:31:27Z,false
187443,47000,265,2024-12-03T06:49:33Z,false
187443,52000,260,2024-12-03T04:35:58Z,true
187443,54000,270,2024-12-03T04:19:57Z,true
187443,57000,275,2024-12-03T00:40:27Z,false
187443,57000,225,2024-12-02T23:55:11Z,false
187443,51000,270,2024-12-02T22:36:17Z,false
187443,68000,275,2024-12-02T19:24:05Z,true
187443,50000,270,2024-12-02T19:10:06Z,false
187443,52000,290,2024-12-02T15:14:31Z,false
187443,57000,230,2024-12-02T14:52:31Z,false
187443,57000,275,2024-12-02T14:09:22Z,false
187443,85000,225,2024-12-02T12:12:18Z,true
187443,56000,280,2024-12-02T11:53:05Z,true
187443,53000,250,2024-12-02T11:44:33Z,false
187443,51000,260,2024-12-02T09:21:42Z,true
187443,49000,285,2024-12-02T08:54:06Z,false
187443,57000,235,2024-12-02T08:51:25Z,false
187443,60000,280,2024-12-02T08:22:26Z,true
187443,57000,240,2024-12-02T06:32:38Z,false
187443,49000,260,2024-12-02T05:53:04Z,true
187443,48000,285,2024-12-02T02:16:45Z,false
187443,47000,285,2024-12-02T00:16:12Z,false
187443,57000,235,2024-12-01T22:24:01Z,false
187443,54000,270,2024-12-01T16:19:07Z,true
187443,57000,240,2024-12-01T15:54:15Z,false
187443,57000,235,2024-12-01T15:41:40Z,false
187443,57000,240,2024-12-01T15:39:20Z,false
187443,56000,280,2024-12-01T14:43:46Z,true
187443,48000,260,2024-12-01T13:31:29Z,false
187443,53000,250,2024-12-01T12:49:52Z,false
187443,57000,275,2024-12-01T12:46:03Z,false
187443,46000,260,2024-12-01T12:21:28Z,false
187443,57000,240,2024-12-01T10:48:57Z,false
187443,57000,245,2024-12-01T09:36:43Z,false
187443,49000,265,2024-12-01T06:53:21Z,false
187443,54000,275,2024-12-01T06:18:53Z,false
187443,55000,270,2024-12-01T06:14:06Z,true
187443,52000,270,2024-12-01T04:56:36Z,true
187443,49000,255,2024-12-01T04:45:14Z,false
187443,52000,290,2024-12-01T04:00:12Z,false
187443,53000,275,2024-12-01T02:36:59Z,false
187443,49000,270,2024-12-01T01:45:50Z,false
187443,49000,265,2024-11-30T15:45:06Z,false
187443,53000,280,2024-11-30T15:01:17Z,false
187443,57000,245,2024-11-30T13:54:02Z,false
187443,52000,275,2024-11-30T13:16:28Z,false
187443,53000,250,2024-11-30T13:12:54Z,false
187443,57000,235,2024-11-30T12:11:48Z,false
187443,53000,250,2024-11-30T12:08:00Z,false
187443,52000,265,2024-11-30T11:22:14Z,true
187443,53000,290,2024-11-30T10:14:56Z,false
187443,52000,290,2024-11-30T09:03:51Z,false
187443,51000,285,2024-11-30T08:44:40Z,false
187443,50000,285,2024-11-30T08:40:36Z,false
187443,57000,240,2024-11-30T08:35:22Z,false
187443,53000,275,2024-11-30T07:55:43Z,false
187443,50000,265,2024-11-30T07:28:34Z,false
187443,52000,265,2024-11-30T07:23:21Z,true
187443,57000,245,2024-11-30T07:16:43Z,false
187443,57000,240,2024-11-30T07:14:05Z,false
187443,51000,270,2024-11-30T06:41:44Z,true
187443,52000,255,2024-11-30T06:27:17Z,true
187443,45000,260,2024-11-30T04:05:43Z,false
187443,57000,235,2024-11-30T03:50:27Z,false
187443,57000,230,2024-11-30T03:36:49Z,false
187443,52000,275,2024-11-30T03:23:03Z,false
187443,55000,275,2024-11-30T02:28:19Z,true
187443,51000,275,2024-11-30T02:13:26Z,false
187443,57000,235,2024-11-29T18:18:34Z,false
187443,50000,270,2024-11-29T14:42:36Z,true
187443,57000,240,2024-11-29T14:24:40Z,false
187443,50000,270,2024-11-29T14:24:40Z,false
187443,50000,285,2024-11-29T11:48:34Z,false
187443,49000,285,2024-11-29T11:31:31Z,false
187443,55000,275,2024-11-29T11:26:24Z,true
187443,50000,270,2024-11-29T10:35:38Z,true
187443,57000,235,2024-11-29T10:20:14Z,false
187443,50000,255,2024-11-29T07:49:56Z,false
187443,45000,260,2024-11-29T07:14:02Z,false
187443,52000,290,2024-11-29T04:17:20Z,false
187443,52000,265,2024-11-29T03:24:07Z,true
187443,50000,270,2024-11-29T02:53:15Z,true
187443,52000,280,2024-11-29T00:53:23Z,false
187443,57000,235,2024-11-29T00:40:41Z,false
187443,54000,275,2024-11-28T21:31:31Z,true
187443,50000,270,2024-11-28T18:53:42Z,true
187443,57000,245,2024-11-28T18:08:51Z,false
187443,52000,265,2024-11-28T14:34:17Z,true
187443,50000,265,2024-11-28T13:56:17Z,false
187443,53000,250,2024-11-28T13:12:51Z,false
187443,51000,280,2024-11-28T12:25:39Z,false
187443,49000,270,2024-11-28T11:30:45Z,false
187443,51000,280,2024-11-28T08:46:11Z,false
187443,48000,270,2024-11-28T07:54:05Z,false
187443,47000,270,2024-11-28T06:54:11Z,false
187443,50000,255,2024-11-28T05:13:09Z,false
187443,49000,265,2024-11-28T05:05:46Z,false
187443,65000,230,2024-11-28T01:50:48Z,true
187443,52000,265,2024-11-28T01:16:53Z,true
187443,50000,255,2024-11-28T00:07:27Z,false
187443,49000,270,2024-11-28T00:02:52Z,false
187443,50000,280,2024-11-27T23:59:56Z,false
187443,57000,235,2024-11-27T22:25:43Z,false
187443,55000,280,2024-11-27T18:03:18Z,true
187443,48000,280,2024-11-27T16:41:44Z,false
187443,53000,275,2024-11-27T16:24:01Z,true
187443,47000,280,2024-11-27T13:39:39Z,false
187443,49000,270,2024-11-27T13:30:10Z,false
187443,57000,245,2024-11-27T13:26:13Z,false
187443,47000,260,2024-11-27T13:26:13Z,false
187443,53000,275,2024-11-27T13:25:32Z,true
187443,46000,260,2024-11-27T12:22:34Z,false
187443,47000,280,2024-11-27T11:30:58Z,false
187443,59000,280,2024-11-27T10:48:04Z,true
187443,57000,235,2024-11-27T10:09:01Z,false
187443,57000,230,2024-11-27T08:15:52Z,false
187443,46000,260,2024-11-27T06:44:30Z,false
187443,47000,280,2024-11-27T01:49:55Z,false
187443,50000,275,2024-11-27T01:44:37Z,false
187443,53000,250,2024-11-27T00:47:21Z,false
187443,52000,265,2024-11-27T00:00:47Z,true
187443,47000,260,2024-11-26T23:27:37Z,false
187443,57000,245,2024-11-26T20:52:57Z,false
187443,50000,265,2024-11-26T17:54:15Z,true
187443,57000,240,2024-11-26T14:34:34Z,false
187443,50000,285,2024-11-26T14:19:17Z,false
187443,53000,280,2024-11-26T12:00:15Z,true
187443,57000,240,2024-11-26T09:16:30Z,false
187443,51000,270,2024-11-26T08:02:42Z,true
187443,51000,270,2024-11-26T07:48:07Z,true
187443,57000,240,2024-11-26T05:38:39Z,false
187443,49000,270,2024-11-26T05:38:39Z,false
187443,48000,255,2024-11-26T05:34:35Z,false
187443,57000,240,2024-11-26T05:27:28Z,false
187443,51000,270,2024-11-26T03:54:35Z,true
187443,48000,270,2024-11-26T03:10:05Z,true
187443,54000,275,2024-11-26T01:04:56Z,true
187443,51000,260,2024-11-26T00:25:08Z,true
187443,57000,240,2024-11-25T18:23:07Z,false
187443,51000,270,2024-11-25T14:53:47Z,true
187443,50000,280,2024-11-25T14:48:53Z,false
187443,49000,270,2024-11-25T14:24:15Z,false
187443,57000,240,2024-11-25T14:05:57Z,false
187443,57000,240,2024-11-25T13:47:54Z,false
187443,50000,265,2024-11-25T13:22:07Z,true
187443,50000,285,2024-11-25T13:11:37Z,false
187443,57000,240,2024-11-25T12:28:45Z,false
187443,58000,285,2024-11-25T12:26:19Z,true
187443,75000,235,2024-11-25T10:57:31Z,true
187443,80000,290,2024-11-25T10:55:50Z,true
187443,56000,230,2024-11-25T10:31:31Z,false
187443,54000,275,2024-11-25T10:27:02Z,true
187443,56000,240,2024-11-25T10:25:30Z,false
187443,56000,240,2024-11-25T08:54:08Z,false
187443,51000,275,2024-11-25T06:44:43Z,false
187443,48000,255,2024-11-25T05:41:24Z,false
187443,57000,245,2024-11-25T05:26:40Z,false
187443,50000,260,2024-11-25T05:14:24Z,false
187443,50000,260,2024-11-25T05:14:11Z,false
187443,55000,250,2024-11-25T04:04:39Z,false
187443,57000,240,2024-11-25T03:38:24Z,false
187443,54000,275,2024-11-25T02:56:29Z,true
187443,50000,265,2024-11-25T02:34:54Z,false
187443,64000,235,2024-11-25T01:58:54Z,false
187443,51000,275,2024-11-25T00:51:32Z,false
187443,54000,275,2024-11-24T22:30:48Z,true
187443,49000,260,2024-11-24T14:34:01Z,false
187443,49000,265,2024-11-24T14:28:45Z,false
187443,48000,270,2024-11-24T13:50:45Z,false
187443,51000,265,2024-11-24T13:14:19Z,true
187443,51000,260,2024-11-24T11:08:44Z,true
187443,49000,260,2024-11-24T09:33:18Z,false
187443,49000,265,2024-11-24T07:30:22Z,false
187443,64000,235,2024-11-24T06:42:28Z,false
187443,57000,220,2024-11-24T06:03:14Z,false
187443,54000,275,2024-11-24T04:12:20Z,true
187443,48000,270,2024-11-23T16:36:06Z,false
187443,51000,290,2024-11-23T14:56:36Z,false
187443,50000,285,2024-11-23T14:29:50Z,false
187443,55000,250,2024-11-23T14:28:05Z,false
187443,62000,240,2024-11-23T14:04:01Z,false
187443,48000,255,2024-11-23T13:29:52Z,false
187443,50000,275,2024-11-23T13:18:58Z,false
187443,48000,265,2024-11-23T12:53:28Z,false
187443,46000,265,2024-11-23T12:41:26Z,true
187443,57000,245,2024-11-23T11:22:43Z,false
187443,57000,235,2024-11-23T10:40:18Z,false
187443,48000,270,2024-11-23T10:17:50Z,false
187443,53000,270,2024-11-23T08:01:30Z,true
187443,51000,260,2024-11-23T07:43:29Z,true
187443,52000,275,2024-11-23T06:42:24Z,false
187443,48000,255,2024-11-23T05:18:57Z,false
187443,55000,250,2024-11-23T04:20:22Z,false
187443,52000,275,2024-11-23T00:37:14Z,false
187443,48000,255,2024-11-23T00:37:14Z,false
187443,49000,265,2024-11-23T00:00:20Z,false
187443,57000,225,2024-11-22T23:52:37Z,false
187443,48000,270,2024-11-22T23:52:37Z,false
187443,48000,270,2024-11-22T22:59:55Z,false
187443,53000,270,2024-11-22T17:40:07Z,true
187443,57000,235,2024-11-22T16:07:44Z,false
187443,55000,250,2024-11-22T13:38:26Z,false
187443,48000,255,2024-11-22T13:19:30Z,false
187443,49000,285,2024-11-22T13:02:05Z,false
187443,57000,255,2024-11-22T12:58:57Z,true
187443,48000,285,2024-11-22T12:11:43Z,false
187443,50000,260,2024-11-22T10:34:12Z,true
187443,47000,285,2024-11-22T10:03:27Z,false
187443,49000,265,2024-11-22T09:17:41Z,false
187443,48000,265,2024-11-22T09:16:44Z,false
187443,46000,255,2024-11-22T05:19:13Z,true
187443,50000,260,2024-11-22T03:33:21Z,true
187443,50000,270,2024-11-22T01:52:42Z,false
187443,67000,240,2024-11-22T01:46:31Z,true
187443,52000,275,2024-11-22T01:36:04Z,false
187443,52000,275,2024-11-22T01:31:24Z,true
187443,48000,265,2024-11-22T00:33:17Z,false
187443,57000,230,2024-11-21T15:32:57Z,false
187443,57000,245,2024-11-21T15:19:09Z,false
187443,54000,275,2024-11-21T13:57:15Z,true
187443,50000,275,2024-11-21T13:26:41Z,false
187443,53000,270,2024-11-21T12:56:51Z,true
187443,48000,255,2024-11-21T11:51:37Z,false
187443,47000,285,2024-11-21T10:57:59Z,false
187443,63000,240,2024-11-21T09:49:25Z,false
187443,55000,285,2024-11-21T08:11:43Z,true
187443,53000,290,2024-11-21T05:53:41Z,false
187443,51000,260,2024-11-21T05:24:45Z,true
187443,57000,235,2024-11-21T05:22:51Z,false
187443,48000,265,2024-11-21T04:24:56Z,false
187443,57000,245,2024-11-21T03:31:36Z,false
187443,55000,255,2024-11-21T03:27:48Z,true
187443,61000,280,2024-11-21T03:05:09Z,true
187443,52000,290,2024-11-21T02:59:39Z,false
187443,55000,250,2024-11-21T02:11:29Z,false
187443,49000,270,2024-11-21T02:11:29Z,false
187443,50000,275,2024-11-21T01:49:18Z,false
187443,49000,270,2024-11-21T00:35:42Z,false
187443,57000,245,2024-11-21T00:12:46Z,false
187443,48000,255,2024-11-20T21:56:01Z,false
187443,48000,270,2024-11-20T19:01:46Z,false
187443,49000,290,2024-11-20T15:15:03Z,true
187443,50000,275,2024-11-20T15:14:46Z,false
187443,51000,275,2024-11-20T14:28:02Z,true
187443,49000,290,2024-11-20T14:08:11Z,false
187443,54000,250,2024-11-20T12:22:05Z,true
187443,50000,280,2024-11-20T12:20:06Z,false
187443,49000,285,2024-11-20T11:59:21Z,false
187443,49000,275,2024-11-20T11:56:03Z,true
187443,50000,280,2024-11-20T10:50:11Z,false
187443,53000,275,2024-11-20T10:11:15Z,true
187443,49000,260,2024-11-20T09:52:18Z,false
187443,47000,255,2024-11-20T09:40:15Z,false
187443,55000,250,2024-11-20T09:37:30Z,false
187443,47000,260,2024-11-20T09:06:00Z,false
187443,48000,265,2024-11-20T07:44:06Z,false
187443,57000,235,2024-11-20T05:18:09Z,false
187443,46000,260,2024-11-20T05:17:10Z,false
187443,52000,275,2024-11-20T04:48:08Z,true
187443,57000,235,2024-11-20T03:44:03Z,false
187443,50000,270,2024-11-20T03:03:00Z,true
187443,50000,280,2024-11-20T01:28:10Z,false
187443,51000,260,2024-11-19T17:50:15Z,true
187443,52000,275,2024-11-19T16:37:59Z,true
187443,49000,285,2024-11-19T15:58:34Z,false
187443,48000,270,2024-11-19T15:57:28Z,false
187443,49000,290,2024-11-19T15:56:50Z,false
187443,53000,270,2024-11-19T12:25:40Z,true
187443,50000,280,2024-11-19T11:55:59Z,false
187443,47000,265,2024-11-19T11:43:51Z,false
187443,51000,265,2024-11-19T11:32:29Z,true
187443,47000,270,2024-11-19T10:33:59Z,false
187443,51000,265,2024-11-19T09:59:37Z,true
187443,62000,240,2024-11-19T09:52:57Z,false
187443,72000,235,2024-11-19T09:22:16Z,true
187443,56000,225,2024-11-19T09:20:15Z,false
187443,48000,285,2024-11-19T08:57:12Z,false
187443,52000,275,2024-11-19T07:58:36Z,true
187443,46000,260,2024-11-19T07:53:05Z,false
187443,57000,230,2024-11-19T07:14:02Z,false
187443,57000,235,2024-11-19T07:10:57Z,false
187443,47000,270,2024-11-19T05:28:17Z,false
187443,62000,240,2024-11-19T04:53:17Z,false
187443,57000,235,2024-11-19T03:52:29Z,false
187443,57000,230,2024-11-19T02:18:46Z,false
187443,48000,265,2024-11-19T01:28:50Z,false
187443,50000,280,2024-11-19T01:11:14Z,false
187443,57000,230,2024-11-18T23:46:15Z,false
187443,57000,230,2024-11-18T15:51:24Z,false
187443,48000,275,2024-11-18T15:38:06Z,false
187443,47000,255,2024-11-18T15:22:22Z,false
187443,57000,230,2024-11-18T15:13:07Z,false
187443,47000,265,2024-11-18T14:32:57Z,false
187443,51000,265,2024-11-18T14:28:14Z,true
187443,57000,245,2024-11-18T13:52:29Z,false
187443,52000,275,2024-11-18T13:00:48Z,true
187443,47000,255,2024-11-18T12:59:49Z,false
187443,52000,280,2024-11-18T12:51:32Z,true
187443,48000,280,2024-11-18T12:48:27Z,false
187443,57000,230,2024-11-18T11:57:21Z,false
187443,68000,240,2024-11-18T11:55:35Z,true
187443,46000,260,2024-11-18T09:34:49Z,false
187443,48000,280,2024-11-18T06:57:14Z,false
187443,53000,270,2024-11-18T06:20:29Z,true
187443,50000,265,2024-11-18T06:09:30Z,true
187443,48000,285,2024-11-18T05:17:27Z,false
187443,49000,265,2024-11-18T04:26:26Z,true
187443,48000,265,2024-11-18T03:57:39Z,false
